month,forward_rate,range_low,range_high
2026-11,2.962,2.916,4.589
2026-12,3.291,3.291,5.074
2027-01,3.669,3.669,5.382
2027-02,3.357,3.357,4.858
2027-03,2.715,2.715,4.268
2027-04,2.625,2.625,3.67
2027-05,2.655,2.655,3.619
2027-06,2.816,2.816,3.743
2027-07,3.06,3.06,3.876
2027-08,3.137,3.137,3.907
2027-09,3.12,3.12,3.886
2027-10,3.202,3.202,3.98
2027-11,3.493,3.472,4.322
2027-12,4.104,4.059,4.697
2028-01,4.526,4.299,5.149
2028-02,4.134,4.061,4.727
2028-03,3.429,3.328,4.152
2028-04,3.205,2.923,3.561
2028-05,3.203,2.938,3.521
2028-06,3.354,3.084,3.648
2028-07,3.567,3.241,3.832
2028-08,3.647,3.281,3.854
2028-09,3.601,3.254,3.819
2028-10,3.641,3.309,3.869
2028-11,3.809,3.568,4.235
2028-12,4.356,3.964,4.629
2029-01,4.811,4.184,4.949
2029-02,4.363,3.941,4.733
2029-03,3.431,3.254,4.169
2029-04,3.182,2.768,3.609
2029-05,3.165,2.805,3.574
2029-06,3.287,2.972,3.705
2029-07,3.496,3.15,3.835
2029-08,3.555,3.199,3.878
2029-09,3.543,3.178,3.84
2029-10,3.606,3.259,3.926
2029-11,3.74,3.524,4.29
2029-12,4.287,3.922,4.682
2030-01,4.757,4.142,4.921
2030-02,4.344,3.898,4.741
2030-03,3.491,3.215,4.176
2030-04,3.153,2.715,3.591
2030-05,3.114,2.733,3.546
2030-06,3.229,2.871,3.646
2030-07,3.467,3.017,3.809
2030-08,3.505,3.064,3.853
2030-09,3.473,3.032,3.829
2030-10,3.537,3.087,3.951
2030-11,3.685,3.317,4.299
2030-12,4.236,3.742,4.747
2031-01,4.663,4.002,5.019
2031-02,4.262,3.772,4.828
2031-03,3.44,3.119,4.197
2031-04,3.068,2.613,3.661
2031-05,3.029,2.638,3.636
2031-06,3.149,2.768,3.763
2031-07,3.363,2.909,3.879
2031-08,3.427,2.942,3.913
2031-09,3.41,2.895,3.873
2031-10,3.493,2.941,3.927
2031-11,3.72,3.198,4.265
2032-02,4.297,3.635,4.734
2032-03,3.449,2.965,4.17
2032-04,3.026,2.464,3.62
